{
  "root": {
    "x": 737.5,
    "y": 555
  },
  "cat-0": {
    "x": 1012,
    "y": 585.5
  },
  "group-0-0": {
    "x": 1277,
    "y": 241
  },
  "skill-0-0-0": {
    "x": 10,
    "y": 70
  },
  "skill-0-0-1": {
    "x": 200,
    "y": 70
  },
  "skill-0-0-2": {
    "x": 10,
    "y": 175
  },
  "skill-0-0-3": {
    "x": 200,
    "y": 175
  },
  "group-0-1": {
    "x": 1692,
    "y": 44.5
  },
  "skill-0-1-0": {
    "x": 10,
    "y": 70
  },
  "skill-0-1-1": {
    "x": 200,
    "y": 70
  },
  "skill-0-1-2": {
    "x": 10,
    "y": 175
  },
  "skill-0-1-3": {
    "x": 200,
    "y": 175
  },
  "skill-0-1-4": {
    "x": 10,
    "y": 280
  },
  "skill-0-1-5": {
    "x": 200,
    "y": 280
  },
  "skill-0-1-6": {
    "x": 10,
    "y": 385
  },
  "group-0-2": {
    "x": 1277.25,
    "y": 616
  },
  "skill-0-2-0": {
    "x": 10,
    "y": 70
  },
  "skill-0-2-1": {
    "x": 200,
    "y": 70
  },
  "skill-0-2-2": {
    "x": 10,
    "y": 175
  },
  "group-0-3": {
    "x": 1690.5,
    "y": 629.2500000000002
  },
  "skill-0-3-0": {
    "x": 10,
    "y": 70
  },
  "skill-0-3-1": {
    "x": 200,
    "y": 70
  },
  "skill-0-3-2": {
    "x": 10,
    "y": 175
  },
  "skill-0-3-3": {
    "x": 200,
    "y": 175
  },
  "skill-0-3-4": {
    "x": 10,
    "y": 280
  },
  "skill-0-3-5": {
    "x": 200,
    "y": 280
  },
  "skill-0-3-6": {
    "x": 10,
    "y": 385
  },
  "skill-0-3-7": {
    "x": 200,
    "y": 385
  },
  "skill-0-3-8": {
    "x": 10,
    "y": 490
  },
  "skill-0-3-9": {
    "x": 200,
    "y": 490
  },
  "skill-0-3-10": {
    "x": 10,
    "y": 595
  },
  "cat-1": {
    "x": 849.0576474687264,
    "y": 920.4754323328191
  },
  "group-1-0": {
    "x": 730.111046343716,
    "y": 1440.412932332819
  },
  "skill-1-0-0": {
    "x": 10,
    "y": 70
  },
  "skill-1-0-1": {
    "x": 200,
    "y": 70
  },
  "group-1-1": {
    "x": 503.2520417513276,
    "y": 1073.4862781334045
  },
  "skill-1-1-0": {
    "x": 10,
    "y": 70
  },
  "skill-1-1-1": {
    "x": 200,
    "y": 70
  },
  "skill-1-1-2": {
    "x": 10,
    "y": 175
  },
  "group-1-2": {
    "x": 963.3610463437158,
    "y": 1075.475432332819
  },
  "skill-1-2-0": {
    "x": 10,
    "y": 70
  },
  "skill-1-2-1": {
    "x": 200,
    "y": 70
  },
  "skill-1-2-2": {
    "x": 10,
    "y": 175
  },
  "cat-2": {
    "x": 435.9423525312737,
    "y": 864.5033635316129
  },
  "group-2-0": {
    "x": -97.65699244964321,
    "y": 777.0698624394386
  },
  "skill-2-0-0": {
    "x": 10,
    "y": 70
  },
  "skill-2-0-1": {
    "x": 200,
    "y": 70
  },
  "group-2-1": {
    "x": -27.766288550177023,
    "y": 1262.0636698122885
  },
  "skill-2-1-0": {
    "x": 10,
    "y": 70
  },
  "skill-2-1-1": {
    "x": 200,
    "y": 70
  },
  "skill-2-1-2": {
    "x": 10,
    "y": 175
  },
  "skill-2-1-3": {
    "x": 200,
    "y": 175
  },
  "group-2-2": {
    "x": -96.51858746878975,
    "y": 1019.2941451372437
  },
  "skill-2-2-0": {
    "x": 10,
    "y": 70
  },
  "skill-2-2-1": {
    "x": 200,
    "y": 70
  },
  "cat-3": {
    "x": 410.9423525312736,
    "y": 437.9966364683871
  },
  "group-3-0": {
    "x": -74.111046343716,
    "y": 350.9966364683871
  },
  "skill-3-0-0": {
    "x": 10,
    "y": 70
  },
  "skill-3-0-1": {
    "x": 200,
    "y": 70
  },
  "group-3-1": {
    "x": -92.611046343716,
    "y": -113.50336353161288
  },
  "skill-3-1-0": {
    "x": 10,
    "y": 70
  },
  "skill-3-1-1": {
    "x": 200,
    "y": 70
  },
  "skill-3-1-2": {
    "x": 10,
    "y": 175
  },
  "skill-3-1-3": {
    "x": 200,
    "y": 175
  },
  "skill-3-1-4": {
    "x": 10,
    "y": 280
  },
  "cat-4": {
    "x": 782.0576474687264,
    "y": 280.02456766718086
  },
  "group-4-0": {
    "x": 977.3610463437158,
    "y": -66.22543233281911
  },
  "skill-4-0-0": {
    "x": 10,
    "y": 70
  },
  "skill-4-0-1": {
    "x": 200,
    "y": 70
  },
  "group-4-1": {
    "x": 666.3610463437158,
    "y": -947.7254323328191
  },
  "skill-4-1-0": {
    "x": 10,
    "y": 70
  },
  "skill-4-1-1": {
    "x": 200,
    "y": 70
  },
  "skill-4-1-2": {
    "x": 10,
    "y": 175
  },
  "skill-4-1-3": {
    "x": 200,
    "y": 175
  },
  "group-4-2": {
    "x": 461.86104634371577,
    "y": -29.97543233281914
  },
  "skill-4-2-0": {
    "x": 10,
    "y": 70
  },
  "skill-4-2-1": {
    "x": 200,
    "y": 70
  },
  "group-4-3": {
    "x": 1302.6110463437158,
    "y": -429.2254323328191
  },
  "skill-4-3-0": {
    "x": 10,
    "y": 70
  },
  "skill-4-3-1": {
    "x": 200,
    "y": 70
  },
  "skill-4-3-2": {
    "x": 10,
    "y": 175
  },
  "group-4-4": {
    "x": 450.361046343716,
    "y": -598.7254323328191
  },
  "skill-4-4-0": {
    "x": 10,
    "y": 70
  },
  "skill-4-4-1": {
    "x": 200,
    "y": 70
  },
  "skill-4-4-2": {
    "x": 10,
    "y": 175
  },
  "skill-4-4-3": {
    "x": 200,
    "y": 175
  },
  "skill-4-4-4": {
    "x": 10,
    "y": 280
  },
  "skill-4-4-5": {
    "x": 200,
    "y": 280
  },
  "skill-4-4-6": {
    "x": 10,
    "y": 385
  },
  "group-4-5": {
    "x": 914.8610463437158,
    "y": -447.4754323328191
  },
  "skill-4-5-0": {
    "x": 10,
    "y": 70
  },
  "skill-4-5-1": {
    "x": 200,
    "y": 70
  },
  "skill-4-5-2": {
    "x": 10,
    "y": 175
  },
  "group-4-6": {
    "x": 1048.336041693718,
    "y": -719.9645865322336
  },
  "skill-4-6-0": {
    "x": 10,
    "y": 70
  },
  "skill-4-6-1": {
    "x": 200,
    "y": 70
  }
}